{
  "env": {
    "torch": "2.11.0+cu130",
    "torch_cuda": "13.0",
    "device": "NVIDIA GeForce RTX 4070 Ti SUPER",
    "total_bytes": 16717840384,
    "free_bytes": 15491465216,
    "tf32": false
  },
  "config": {
    "hidden_size": 512,
    "intermediate_size": 1536,
    "num_hidden_layers": 12,
    "vocab_size": 32768,
    "num_attention_heads": 8,
    "num_key_value_heads": 4,
    "head_dim": 64,
    "prompt_ids": [
      1,
      3,
      8
    ],
    "rollout_len": 2,
    "lr": 0.001,
    "grad_clip": 1.0,
    "warmup_runs": 1,
    "measured_runs": 3,
    "steps_per_run": 10
  },
  "runs": [
    {
      "run": 1,
      "wall_seconds": 0.8058362529845908,
      "per_step_seconds": 0.08058362529845908,
      "steps_per_sec": 12.409468999393875,
      "first_loss": 0.0003142015484627336,
      "last_loss": 0.0003153924481011927,
      "peak_memory_bytes": 1829115904
    },
    {
      "run": 2,
      "wall_seconds": 0.8540573929785751,
      "per_step_seconds": 0.08540573929785751,
      "steps_per_sec": 11.708814983878794,
      "first_loss": 0.0003142015484627336,
      "last_loss": 0.0003153924481011927,
      "peak_memory_bytes": 1829115904
    },
    {
      "run": 3,
      "wall_seconds": 0.8354761939845048,
      "per_step_seconds": 0.08354761939845048,
      "steps_per_sec": 11.969221950309054,
      "first_loss": 0.0003142015484627336,
      "last_loss": 0.0003153924481011927,
      "peak_memory_bytes": 1829115904
    }
  ],
  "summary": {
    "mean_step_seconds": 0.08317899466492236,
    "median_step_seconds": 0.08354761939845048,
    "sigma_pct": 2.387382903619881,
    "arle_current_step_seconds": 0.83,
    "ratio_vs_arle_0p83": 0.10021565622279803,
    "speedup_vs_arle_0p83": 9.978480785245912
  }
}
